metric_name,timestamp,metric_value
vus,1790373695,1.000000
vus,1790373696,1.000000
vus,1790373697,1.000000
vus,1790373698,1.000000
vus,1790373699,1.000000
vus,1790373700,1.000000
vus,1790373701,1.000000
vus,1790373702,2.000000
vus,1790373703,2.000000
vus,1790373704,2.000000
vus,1790373705,2.000000
vus,1790373706,2.000000
vus,1790373707,2.000000
vus,1790373708,2.000000
vus,1790373709,2.000000
vus,1790373710,3.000000
vus,1790373711,3.000000
vus,1790373712,3.000000
vus,1790373713,3.000000
vus,1790373714,3.000000
vus,1790373715,3.000000
vus,1790373716,3.000000
vus,1790373717,4.000000
vus,1790373718,4.000000
vus,1790373719,4.000000
vus,1790373720,4.000000
vus,1790373721,4.000000
vus,1790373722,4.000000
vus,1790373723,4.000000
vus,1790373724,4.000000
vus,1790373725,5.000000
vus,1790373726,6.000000
vus,1790373727,6.000000
vus,1790373728,7.000000
vus,1790373729,7.000000
vus,1790373730,8.000000
vus,1790373731,9.000000
vus,1790373732,9.000000
vus,1790373733,10.000000
vus,1790373734,10.000000
vus,1790373735,11.000000
vus,1790373736,11.000000
vus,1790373737,12.000000
vus,1790373738,13.000000
vus,1790373739,13.000000
vus,1790373740,14.000000
vus,1790373741,14.000000
vus,1790373742,15.000000
vus,1790373743,16.000000
vus,1790373744,16.000000
vus,1790373745,17.000000
vus,1790373746,17.000000
vus,1790373747,18.000000
vus,1790373748,18.000000
vus,1790373749,19.000000
vus,1790373750,20.000000
vus,1790373751,20.000000
vus,1790373752,21.000000
vus,1790373753,21.000000
vus,1790373754,22.000000
vus,1790373755,23.000000
vus,1790373756,23.000000
vus,1790373757,24.000000
vus,1790373758,24.000000
vus,1790373759,25.000000
vus,1790373760,25.000000
vus,1790373761,26.000000
vus,1790373762,27.000000
vus,1790373763,27.000000
vus,1790373764,28.000000
vus,1790373765,28.000000
vus,1790373766,29.000000
vus,1790373767,30.000000
vus,1790373768,30.000000
vus,1790373769,31.000000
vus,1790373770,31.000000
vus,1790373771,32.000000
vus,1790373772,32.000000
vus,1790373773,33.000000
vus,1790373774,34.000000
vus,1790373775,34.000000
vus,1790373776,35.000000
vus,1790373777,35.000000
vus,1790373778,36.000000
vus,1790373779,37.000000
vus,1790373780,37.000000
vus,1790373781,38.000000
vus,1790373782,38.000000
vus,1790373783,39.000000
vus,1790373784,39.000000
vus,1790373785,40.000000
vus,1790373786,40.000000
vus,1790373787,40.000000
vus,1790373788,40.000000
vus,1790373789,40.000000
vus,1790373790,40.000000
vus,1790373791,40.000000
vus,1790373792,40.000000
vus,1790373793,40.000000
vus,1790373794,40.000000
vus,1790373795,40.000000
vus,1790373796,40.000000
vus,1790373797,40.000000
vus,1790373798,40.000000
vus,1790373799,40.000000
vus,1790373800,40.000000
vus,1790373801,40.000000
vus,1790373802,40.000000
vus,1790373803,40.000000
vus,1790373804,40.000000
vus,1790373805,40.000000
vus,1790373806,40.000000
vus,1790373807,40.000000
vus,1790373808,40.000000
vus,1790373809,40.000000
vus,1790373810,40.000000
vus,1790373811,40.000000
vus,1790373812,40.000000
vus,1790373813,40.000000
vus,1790373814,40.000000
vus,1790373815,40.000000
vus,1790373816,40.000000
vus,1790373817,40.000000
vus,1790373818,40.000000
vus,1790373819,40.000000
vus,1790373820,40.000000
vus,1790373821,40.000000
vus,1790373822,40.000000
vus,1790373823,40.000000
vus,1790373824,40.000000
vus,1790373825,40.000000
vus,1790373826,40.000000
vus,1790373827,40.000000
vus,1790373828,40.000000
vus,1790373829,40.000000
vus,1790373830,40.000000
vus,1790373831,40.000000
vus,1790373832,40.000000
vus,1790373833,40.000000
vus,1790373834,40.000000
vus,1790373835,40.000000
vus,1790373836,40.000000
vus,1790373837,40.000000
vus,1790373838,40.000000
vus,1790373839,40.000000
vus,1790373840,40.000000
vus,1790373841,40.000000
vus,1790373842,40.000000
vus,1790373843,40.000000
vus,1790373844,40.000000
vus,1790373845,40.000000
vus,1790373846,40.000000
vus,1790373847,40.000000
vus,1790373848,40.000000
vus,1790373849,40.000000
vus,1790373850,40.000000
vus,1790373851,40.000000
vus,1790373852,40.000000
vus,1790373853,40.000000
vus,1790373854,40.000000
vus,1790373855,40.000000
vus,1790373856,40.000000
vus,1790373857,40.000000
vus,1790373858,40.000000
vus,1790373859,40.000000
vus,1790373860,40.000000
vus,1790373861,40.000000
vus,1790373862,40.000000
vus,1790373863,40.000000
vus,1790373864,40.000000
vus,1790373865,40.000000
vus,1790373866,40.000000
vus,1790373867,40.000000
vus,1790373868,40.000000
vus,1790373869,40.000000
vus,1790373870,40.000000
vus,1790373871,40.000000
vus,1790373872,40.000000
vus,1790373873,40.000000
vus,1790373874,40.000000
vus,1790373875,40.000000
vus,1790373876,40.000000
vus,1790373877,40.000000
vus,1790373878,40.000000
vus,1790373879,40.000000
vus,1790373880,40.000000
vus,1790373881,40.000000
vus,1790373882,40.000000
vus,1790373883,40.000000
vus,1790373884,40.000000
vus,1790373885,40.000000
vus,1790373886,40.000000
vus,1790373887,40.000000
vus,1790373888,40.000000
vus,1790373889,40.000000
vus,1790373890,40.000000
vus,1790373891,40.000000
vus,1790373892,40.000000
vus,1790373893,40.000000
vus,1790373894,40.000000
vus,1790373895,40.000000
vus,1790373896,40.000000
vus,1790373897,40.000000
vus,1790373898,40.000000
vus,1790373899,40.000000
vus,1790373900,40.000000
vus,1790373901,40.000000
vus,1790373902,40.000000
vus,1790373903,40.000000
vus,1790373904,40.000000
vus,1790373905,40.000000
vus,1790373906,40.000000
vus,1790373907,40.000000
vus,1790373908,40.000000
vus,1790373909,40.000000
vus,1790373910,40.000000
vus,1790373911,40.000000
vus,1790373912,40.000000
vus,1790373913,40.000000
vus,1790373914,40.000000
vus,1790373915,40.000000
vus,1790373916,40.000000
vus,1790373917,40.000000
vus,1790373918,40.000000
vus,1790373919,40.000000
vus,1790373920,40.000000
vus,1790373921,40.000000
vus,1790373922,40.000000
vus,1790373923,40.000000
vus,1790373924,40.000000
vus,1790373925,40.000000
vus,1790373926,40.000000
vus,1790373927,40.000000
vus,1790373928,40.000000
vus,1790373929,40.000000
vus,1790373930,40.000000
vus,1790373931,40.000000
vus,1790373932,40.000000
vus,1790373933,40.000000
vus,1790373934,40.000000
vus,1790373935,40.000000
vus,1790373936,40.000000
vus,1790373937,40.000000
vus,1790373938,40.000000
vus,1790373939,40.000000
vus,1790373940,40.000000
vus,1790373941,40.000000
vus,1790373942,40.000000
vus,1790373943,40.000000
vus,1790373944,40.000000
vus,1790373945,40.000000
vus,1790373946,40.000000
vus,1790373947,40.000000
vus,1790373948,40.000000
vus,1790373949,40.000000
vus,1790373950,40.000000
vus,1790373951,40.000000
vus,1790373952,40.000000
vus,1790373953,40.000000
vus,1790373954,40.000000
vus,1790373955,40.000000
vus,1790373956,40.000000
vus,1790373957,40.000000
vus,1790373958,40.000000
vus,1790373959,40.000000
vus,1790373960,40.000000
vus,1790373961,40.000000
vus,1790373962,40.000000
vus,1790373963,40.000000
vus,1790373964,40.000000
vus,1790373965,40.000000
vus,1790373966,39.000000
vus,1790373967,39.000000
vus,1790373968,38.000000
vus,1790373969,37.000000
vus,1790373970,37.000000
vus,1790373971,36.000000
vus,1790373972,35.000000
vus,1790373973,35.000000
vus,1790373974,34.000000
vus,1790373975,33.000000
vus,1790373976,33.000000
vus,1790373977,32.000000
vus,1790373978,31.000000
vus,1790373979,31.000000
vus,1790373980,30.000000
vus,1790373981,29.000000
vus,1790373982,29.000000
vus,1790373983,28.000000
vus,1790373984,27.000000
vus,1790373985,27.000000
vus,1790373986,26.000000
vus,1790373987,25.000000
vus,1790373988,25.000000
vus,1790373989,24.000000
vus,1790373990,23.000000
vus,1790373991,23.000000
vus,1790373992,22.000000
vus,1790373993,21.000000
vus,1790373994,21.000000
vus,1790373995,20.000000
vus,1790373996,19.000000
vus,1790373997,19.000000
vus,1790373998,18.000000
vus,1790373999,17.000000
vus,1790374000,17.000000
vus,1790374001,16.000000
vus,1790374002,15.000000
vus,1790374003,15.000000
vus,1790374004,14.000000
vus,1790374005,13.000000
vus,1790374006,13.000000
vus,1790374007,12.000000
vus,1790374008,11.000000
vus,1790374009,11.000000
vus,1790374010,10.000000
vus,1790374011,9.000000
vus,1790374012,9.000000
vus,1790374013,8.000000
vus,1790374014,7.000000
vus,1790374015,7.000000
vus,1790374016,6.000000
vus,1790374017,5.000000
vus,1790374018,5.000000
vus,1790374019,4.000000
vus,1790374020,3.000000
vus,1790374021,3.000000
vus,1790374022,2.000000
vus,1790374023,1.000000
vus,1790374024,1.000000
